{
  "baseline_image": {
    "Recall@1": 0.03029390685567156,
    "P@1": 0.51,
    "NDCG@1": 0.51,
    "Recall@5": 0.13450203930056873,
    "P@5": 0.45933333333333337,
    "NDCG@5": 0.47739691102265436,
    "Recall@10": 0.23677749200690376,
    "P@10": 0.4106666666666666,
    "NDCG@10": 0.4470078652456959,
    "Recall@20": 0.3847574675324676,
    "P@20": 0.3448333333333333,
    "NDCG@20": 0.4254197517481826
  },
  "text_only": {
    "Recall@1": 0.08622220878250289,
    "P@1": 1.0,
    "NDCG@1": 1.0,
    "Recall@5": 0.3361110439125145,
    "P@5": 0.9779999999999999,
    "NDCG@5": 1.0,
    "Recall@10": 0.5907935163964576,
    "P@10": 0.9460000000000001,
    "NDCG@10": 1.0,
    "Recall@20": 0.9345281385281384,
    "P@20": 0.821,
    "NDCG@20": 1.0
  },
  "slerp_a0.5": {
    "Recall@1": 0.044752611549670376,
    "P@1": 0.53,
    "NDCG@1": 0.53,
    "Recall@5": 0.15792964589876354,
    "P@5": 0.472,
    "NDCG@5": 0.5019301208410868,
    "Recall@10": 0.2515702182893359,
    "P@10": 0.42033333333333334,
    "NDCG@10": 0.47092553569718804,
    "Recall@20": 0.39732682638712047,
    "P@20": 0.34850000000000003,
    "NDCG@20": 0.44682884084833413
  },
  "slerp_a0.6": {
    "Recall@1": 0.04408594488300371,
    "P@1": 0.5266666666666666,
    "NDCG@1": 0.5266666666666666,
    "Recall@5": 0.1532867887559064,
    "P@5": 0.4679999999999999,
    "NDCG@5": 0.49536940651405076,
    "Recall@10": 0.2459746795687972,
    "P@10": 0.4153333333333334,
    "NDCG@10": 0.4626709050269516,
    "Recall@20": 0.3904990726593668,
    "P@20": 0.3453333333333333,
    "NDCG@20": 0.4388762568784788
  },
  "slerp_a0.7": {
    "Recall@1": 0.03908594488300371,
    "P@1": 0.52,
    "NDCG@1": 0.52,
    "Recall@5": 0.14929071032453387,
    "P@5": 0.46399999999999997,
    "NDCG@5": 0.4897672707726992,
    "Recall@10": 0.2423573635514812,
    "P@10": 0.4116666666666667,
    "NDCG@10": 0.45652049930296584,
    "Recall@20": 0.3882335497835498,
    "P@20": 0.3441666666666667,
    "NDCG@20": 0.4341504036388692
  },
  "slerp_a0.8": {
    "Recall@1": 0.03722319978496449,
    "P@1": 0.5133333333333333,
    "NDCG@1": 0.5133333333333333,
    "Recall@5": 0.14112404365786718,
    "P@5": 0.4626666666666667,
    "NDCG@5": 0.4837403452520601,
    "Recall@10": 0.24036039385451152,
    "P@10": 0.411,
    "NDCG@10": 0.4519083001312659,
    "Recall@20": 0.388337506012506,
    "P@20": 0.3445,
    "NDCG@20": 0.4304395123928445
  },
  "slerp_a0.85": {
    "Recall@1": 0.033889866451631154,
    "P@1": 0.51,
    "NDCG@1": 0.51,
    "Recall@5": 0.1387798170783465,
    "P@5": 0.46133333333333326,
    "NDCG@5": 0.48125521489901,
    "Recall@10": 0.23754173103584866,
    "P@10": 0.412,
    "NDCG@10": 0.4502996164578288,
    "Recall@20": 0.3881506373256373,
    "P@20": 0.345,
    "NDCG@20": 0.42890347641080107
  },
  "slerp_a0.9": {
    "Recall@1": 0.030556533118297823,
    "P@1": 0.5066666666666667,
    "NDCG@1": 0.5066666666666667,
    "Recall@5": 0.1382798170783465,
    "P@5": 0.46133333333333326,
    "NDCG@5": 0.47946935596022994,
    "Recall@10": 0.23708141357553122,
    "P@10": 0.41133333333333333,
    "NDCG@10": 0.44795719316425753,
    "Recall@20": 0.3885580447330447,
    "P@20": 0.3453333333333333,
    "NDCG@20": 0.42706742748286247
  },
  "slerp_a0.95": {
    "Recall@1": 0.030556533118297823,
    "P@1": 0.5066666666666667,
    "NDCG@1": 0.5066666666666667,
    "Recall@5": 0.13494648374501317,
    "P@5": 0.4606666666666666,
    "NDCG@5": 0.4781303023616803,
    "Recall@10": 0.2373330475624593,
    "P@10": 0.4116666666666667,
    "NDCG@10": 0.44793356618218827,
    "Recall@20": 0.3847320707070707,
    "P@20": 0.3448333333333334,
    "NDCG@20": 0.42577466766232475
  },
  "slerp_a0.97": {
    "Recall@1": 0.03019289675466146,
    "P@1": 0.5066666666666667,
    "NDCG@1": 0.5066666666666667,
    "Recall@5": 0.13494648374501317,
    "P@5": 0.4606666666666666,
    "NDCG@5": 0.47795345355314206,
    "Recall@10": 0.23699971422912597,
    "P@10": 0.411,
    "NDCG@10": 0.4471254764002482,
    "Recall@20": 0.3848908008658009,
    "P@20": 0.345,
    "NDCG@20": 0.42553550954231345
  },
  "slerp_a0.99": {
    "Recall@1": 0.03029390685567156,
    "P@1": 0.51,
    "NDCG@1": 0.51,
    "Recall@5": 0.13472426152279093,
    "P@5": 0.46,
    "NDCG@5": 0.4778342612810288,
    "Recall@10": 0.23677749200690376,
    "P@10": 0.4106666666666666,
    "NDCG@10": 0.4470792185431575,
    "Recall@20": 0.3847574675324676,
    "P@20": 0.3448333333333333,
    "NDCG@20": 0.42547438087766304
  },
  "linear_a0.5": {
    "Recall@1": 0.044752611549670376,
    "P@1": 0.53,
    "NDCG@1": 0.53,
    "Recall@5": 0.15792964589876354,
    "P@5": 0.472,
    "NDCG@5": 0.5019301208410868,
    "Recall@10": 0.2515702182893359,
    "P@10": 0.42033333333333334,
    "NDCG@10": 0.47092553569718804,
    "Recall@20": 0.39732682638712047,
    "P@20": 0.34850000000000003,
    "NDCG@20": 0.44682884084833413
  },
  "linear_a0.6": {
    "Recall@1": 0.04408594488300371,
    "P@1": 0.5266666666666666,
    "NDCG@1": 0.5266666666666666,
    "Recall@5": 0.15249547222929577,
    "P@5": 0.4666666666666667,
    "NDCG@5": 0.49456435402831384,
    "Recall@10": 0.24601669637551987,
    "P@10": 0.4153333333333334,
    "NDCG@10": 0.46262866377744044,
    "Recall@20": 0.39031388747418155,
    "P@20": 0.3451666666666667,
    "NDCG@20": 0.4386859793793595
  },
  "linear_a0.7": {
    "Recall@1": 0.03908594488300371,
    "P@1": 0.52,
    "NDCG@1": 0.52,
    "Recall@5": 0.14775737699120053,
    "P@5": 0.46399999999999997,
    "NDCG@5": 0.4890414897694072,
    "Recall@10": 0.2423956285544521,
    "P@10": 0.412,
    "NDCG@10": 0.45625397347863045,
    "Recall@20": 0.3884064800667742,
    "P@20": 0.3443333333333334,
    "NDCG@20": 0.4337329284961783
  },
  "linear_a0.8": {
    "Recall@1": 0.03722319978496449,
    "P@1": 0.5133333333333333,
    "NDCG@1": 0.5133333333333333,
    "Recall@5": 0.13945737699120053,
    "P@5": 0.46199999999999997,
    "NDCG@5": 0.48257721399039355,
    "Recall@10": 0.23702706052117814,
    "P@10": 0.4106666666666666,
    "NDCG@10": 0.4504523210030095,
    "Recall@20": 0.3877078763828764,
    "P@20": 0.3443333333333334,
    "NDCG@20": 0.4295671384661334
  },
  "linear_a0.85": {
    "Recall@1": 0.033889866451631154,
    "P@1": 0.51,
    "NDCG@1": 0.51,
    "Recall@5": 0.1387798170783465,
    "P@5": 0.46133333333333326,
    "NDCG@5": 0.480769238146004,
    "Recall@10": 0.236896228390346,
    "P@10": 0.41100000000000003,
    "NDCG@10": 0.4490873279195157,
    "Recall@20": 0.3882271871374813,
    "P@20": 0.345,
    "NDCG@20": 0.42827953689844206
  },
  "linear_a0.9": {
    "Recall@1": 0.030556533118297823,
    "P@1": 0.5066666666666667,
    "NDCG@1": 0.5066666666666667,
    "Recall@5": 0.1382798170783465,
    "P@5": 0.46133333333333326,
    "NDCG@5": 0.4793909834509163,
    "Recall@10": 0.23730363579775343,
    "P@10": 0.4116666666666667,
    "NDCG@10": 0.44808487284582516,
    "Recall@20": 0.3884247113997114,
    "P@20": 0.3451666666666667,
    "NDCG@20": 0.42686889878344525
  },
  "linear_a0.95": {
    "Recall@1": 0.030556533118297823,
    "P@1": 0.5066666666666667,
    "NDCG@1": 0.5066666666666667,
    "Recall@5": 0.13494648374501317,
    "P@5": 0.4606666666666666,
    "NDCG@5": 0.4781303023616803,
    "Recall@10": 0.23716638089579267,
    "P@10": 0.41133333333333333,
    "NDCG@10": 0.44769375502580583,
    "Recall@20": 0.3847320707070707,
    "P@20": 0.3448333333333334,
    "NDCG@20": 0.4257402522893656
  },
  "linear_a0.97": {
    "Recall@1": 0.03019289675466146,
    "P@1": 0.5066666666666667,
    "NDCG@1": 0.5066666666666667,
    "Recall@5": 0.13494648374501317,
    "P@5": 0.4606666666666666,
    "NDCG@5": 0.47795345355314206,
    "Recall@10": 0.23699971422912597,
    "P@10": 0.411,
    "NDCG@10": 0.4471502605952588,
    "Recall@20": 0.3848908008658009,
    "P@20": 0.345,
    "NDCG@20": 0.4255146058322676
  },
  "linear_a0.99": {
    "Recall@1": 0.03029390685567156,
    "P@1": 0.51,
    "NDCG@1": 0.51,
    "Recall@5": 0.13472426152279093,
    "P@5": 0.46,