{
  "baseline_image": {
    "Recall@1": 0.03029390685567156,
    "P@1": 0.51,
    "NDCG@1": 0.51,
    "Recall@5": 0.13450203930056873,
    "P@5": 0.45933333333333337,
    "NDCG@5": 0.47739691102265436,
    "Recall@10": 0.23677749200690376,
    "P@10": 0.4106666666666666,
    "NDCG@10": 0.4470078652456959,
    "Recall@20": 0.3847574675324676,
    "P@20": 0.3448333333333333,
    "NDCG@20": 0.4254197517481826
  },
  "text_only_top1": {
    "Recall@1": 0.011608465608465608,
    "P@1": 0.1,
    "NDCG@1": 0.1,
    "Recall@5": 0.041334450952098006,
    "P@5": 0.12666666666666668,
    "NDCG@5": 0.12621592321771757,
    "Recall@10": 0.08843543700308407,
    "P@10": 0.1286666666666667,
    "NDCG@10": 0.1320571711373414,
    "Recall@20": 0.16833170924935628,
    "P@20": 0.12449999999999999,
    "NDCG@20": 0.14722416293767188
  },
  "text_only_top3": {
    "Recall@1": 0.02028110587669411,
    "P@1": 0.22333333333333333,
    "NDCG@1": 0.22333333333333333,
    "Recall@5": 0.06923446722123193,
    "P@5": 0.21399999999999997,
    "NDCG@5": 0.2216255711102754,
    "Recall@10": 0.12330553292023881,
    "P@10": 0.1996666666666667,
    "NDCG@10": 0.21433271750017444,
    "Recall@20": 0.20028212941742354,
    "P@20": 0.168,
    "NDCG@20": 0.21038285445622568
  },
  "slerp_top1_a0.7": {
    "Recall@1": 0.03431438403644286,
    "P@1": 0.51,
    "NDCG@1": 0.51,
    "Recall@5": 0.12844819058936707,
    "P@5": 0.44200000000000006,
    "NDCG@5": 0.4636976117071337,
    "Recall@10": 0.22316030614265908,
    "P@10": 0.40099999999999997,
    "NDCG@10": 0.435851562838052,
    "Recall@20": 0.3643639256712786,
    "P@20": 0.3325,
    "NDCG@20": 0.4117560118477047
  },
  "slerp_top1_a0.8": {
    "Recall@1": 0.034392883314942134,
    "P@1": 0.5266666666666666,
    "NDCG@1": 0.5266666666666666,
    "Recall@5": 0.1328002518178989,
    "P@5": 0.45599999999999996,
    "NDCG@5": 0.4778943952423333,
    "Recall@10": 0.2330879714512067,
    "P@10": 0.41300000000000003,
    "NDCG@10": 0.4494643017901378,
    "Recall@20": 0.3839610191551368,
    "P@20": 0.3426666666666666,
    "NDCG@20": 0.4260656934709191
  },
  "slerp_top1_a0.85": {
    "Recall@1": 0.030484549981608804,
    "P@1": 0.5133333333333333,
    "NDCG@1": 0.5133333333333333,
    "Recall@5": 0.1344652095181507,
    "P@5": 0.4606666666666666,
    "NDCG@5": 0.4788501927451919,
    "Recall@10": 0.2382359349800526,
    "P@10": 0.41633333333333333,
    "NDCG@10": 0.45096782509010325,
    "Recall@20": 0.38802277678748265,
    "P@20": 0.3466666666666667,
    "NDCG@20": 0.4276306741556073
  },
  "slerp_top1_a0.9": {
    "Recall@1": 0.0306250728574258,
    "P@1": 0.5166666666666667,
    "NDCG@1": 0.5166666666666667,
    "Recall@5": 0.13451416051268994,
    "P@5": 0.46,
    "NDCG@5": 0.4794150555613053,
    "Recall@10": 0.23780826401267574,
    "P@10": 0.415,
    "NDCG@10": 0.45076234888347755,
    "Recall@20": 0.3895936988936989,
    "P@20": 0.3471666666666667,
    "NDCG@20": 0.4287187483673709
  },
  "slerp_top1_a0.95": {
    "Recall@1": 0.030926348923407745,
    "P@1": 0.52,
    "NDCG@1": 0.52,
    "Recall@5": 0.13452139815522168,
    "P@5": 0.4586666666666667,
    "NDCG@5": 0.4787235793543082,
    "Recall@10": 0.23822954969866733,
    "P@10": 0.4146666666666667,
    "NDCG@10": 0.451042686405236,
    "Recall@20": 0.3886977767874827,
    "P@20": 0.3463333333333333,
    "NDCG@20": 0.42851620498985926
  },
  "slerp_top1_a0.97": {
    "Recall@1": 0.030782122343887046,
    "P@1": 0.5166666666666667,
    "NDCG@1": 0.5166666666666667,
    "Recall@5": 0.13400203930056873,
    "P@5": 0.4573333333333333,
    "NDCG@5": 0.476850317336424,
    "Recall@10": 0.23812607305548483,
    "P@10": 0.41400000000000003,
    "NDCG@10": 0.4497888922175976,
    "Recall@20": 0.3833032453385395,
    "P@20": 0.3445,
    "NDCG@20": 0.42572179297317175
  },
  "slerp_top1_a0.99": {
    "Recall@1": 0.03059693715870187,
    "P@1": 0.5133333333333333,
    "NDCG@1": 0.5133333333333333,
    "Recall@5": 0.13450203930056873,
    "P@5": 0.45933333333333337,
    "NDCG@5": 0.4776460331608814,
    "Recall@10": 0.23780548623489797,
    "P@10": 0.4126666666666667,
    "NDCG@10": 0.4486210816735068,
    "Recall@20": 0.3838908128908129,
    "P@20": 0.3441666666666667,
    "NDCG@20": 0.4252812307771249
  },
  "slerp_top3_a0.7": {
    "Recall@1": 0.03774028308293014,
    "P@1": 0.5633333333333334,
    "NDCG@1": 0.5633333333333334,
    "Recall@5": 0.13137871997283762,
    "P@5": 0.44666666666666666,
    "NDCG@5": 0.4766051141926524,
    "Recall@10": 0.2263619917664035,
    "P@10": 0.40199999999999997,
    "NDCG@10": 0.44378742627651946,
    "Recall@20": 0.37418387445887447,
    "P@20": 0.33549999999999996,
    "NDCG@20": 0.4213479488112627
  },
  "slerp_top3_a0.8": {
    "Recall@1": 0.03835104688339982,
    "P@1": 0.5366666666666666,
    "NDCG@1": 0.5366666666666666,
    "Recall@5": 0.13256253713606653,
    "P@5": 0.4526666666666667,
    "NDCG@5": 0.4797307871034363,
    "Recall@10": 0.23402716450216451,
    "P@10": 0.41200000000000003,
    "NDCG@10": 0.45160139498761454,
    "Recall@20": 0.3855530649633591,
    "P@20": 0.344,
    "NDCG@20": 0.4295016528895749
  },
  "slerp_top3_a0.85": {
    "Recall@1": 0.03524826910562205,
    "P@1": 0.5366666666666666,
    "NDCG@1": 0.5366666666666666,
    "Recall@5": 0.1364814524799819,
    "P@5": 0.45466666666666666,
    "NDCG@5": 0.48075713994247155,
    "Recall@10": 0.23673173542144127,
    "P@10": 0.41200000000000003,
    "NDCG@10": 0.4516672109521382,
    "Recall@20": 0.3879866854822737,
    "P@20": 0.347,
    "NDCG@20": 0.4307929741166381
  },
  "slerp_top3_a0.9": {
    "Recall@1": 0.03453746003451885,
    "P@1": 0.5266666666666666,
    "NDCG@1": 0.5266666666666666,
    "Recall@5": 0.13773968961321903,
    "P@5": 0.46,
    "NDCG@5": 0.4821441968181724,
    "Recall@10": 0.2365534151034151,
    "P@10": 0.4126666666666667,
    "NDCG@10": 0.45088369898402464,
    "Recall@20": 0.38728957572928163,
    "P@20": 0.3461666666666666,
    "NDCG@20": 0.4292503326738931
  },
  "slerp_top3_a0.95": {
    "Recall@1": 0.03029390685567156,
    "P@1": 0.51,
    "NDCG@1": 0.51,
    "Recall@5": 0.13458444670797615,
    "P@5": 0.46,
    "NDCG@5": 0.4774484683794545,
    "Recall@10": 0.2374467440511558,
    "P@10": 0.41233333333333333,
    "NDCG@10": 0.4479872067546791,
    "Recall@20": 0.38929516735987324,
    "P@20": 0.3468333333333334,
    "NDCG@20": 0.42734450767075943
  },
  "slerp_top3_a0.97": {
    "Recall@1": 0.030479092040856748,
    "P@1": 0.5133333333333333,
    "NDCG@1": 0.5133333333333333,
    "Recall@5": 0.13463461505814445,
    "P@5": 0.4606666666666666,
    "NDCG@5": 0.47829434062799103,
    "Recall@10": 0.2371213111507229,
    "P@10": 0.4116666666666667,
    "NDCG@10": 0.44779356273391946,
    "Recall@20": 0.3838175819822878,
    "P@20": 0.3446666666666667,
    "NDCG@20": 0.4252913019477862
  },
  "slerp_top3_a0.99": {
    "Recall@1": 0.03029390685567156,
    "P@1": 0.51,
    "NDCG@1": 0.51,
    "Recall@5": 0.134325271623801,
    "P@5": 0.45933333333333326,
    "NDCG@5": 0.47692402113346477,
    "Recall@10": 0.23728326401267574,
    "P@10": 0.4116666666666667,
    "NDCG@10": 0.44742815946866454,
    "Recall@20": 0.38402414622414627,
    "P@20": 0.3443333333333333,
    "NDCG@20": 0.4248672724979419
  }
}