{
  "FashionSigLIP": {
    "Recall@1": 0.03181612129700365,
    "P@1": 0.4666666666666667,
    "NDCG@1": 0.4666666666666667,
    "Recall@5": 0.12529411976911978,
    "P@5": 0.42799999999999994,
    "NDCG@5": 0.4444517003742336,
    "Recall@10": 0.21200166228107406,
    "P@10": 0.38066666666666665,
    "NDCG@10": 0.41461778799665,
    "Recall@20": 0.3530593957785135,
    "P@20": 0.3203333333333333,
    "NDCG@20": 0.3946145568083336,
    "encode_time": 74.39950656890869,
    "load_time": 6.6638312339782715,
    "dim": 768,
    "throughput": 4.032284807186732,
    "intra_sim_mean": 0.7331152785392034,
    "inter_sim_mean": 0.6334720694705059,
    "sim_gap": 0.0996432090686975
  },
  "OpenAI-CLIP-ViT-B32": {
    "Recall@1": 0.029624272840449307,
    "P@1": 0.4666666666666667,
    "NDCG@1": 0.4666666666666667,
    "Recall@5": 0.111162453668336,
    "P@5": 0.38333333333333336,
    "NDCG@5": 0.40635453410700656,
    "Recall@10": 0.20043293580058286,
    "P@10": 0.3406666666666666,
    "NDCG@10": 0.37899191604658816,
    "Recall@20": 0.3175808597176244,
    "P@20": 0.2818333333333333,
    "NDCG@20": 0.35549986886729174,
    "encode_time": 24.46346426010132,
    "load_time": 0.556861400604248,
    "dim": 512,
    "throughput": 12.263185492059884,
    "intra_sim_mean": 0.7565922964186895,
    "inter_sim_mean": 0.6639754367502112,
    "sim_gap": 0.09261685966847832
  },
  "FashionCLIP": {
    "Recall@1": 0.03029390685567156,
    "P@1": 0.51,
    "NDCG@1": 0.51,
    "Recall@5": 0.13450203930056873,
    "P@5": 0.45933333333333337,
    "NDCG@5": 0.47739691102265436,
    "Recall@10": 0.23677749200690376,
    "P@10": 0.4106666666666666,
    "NDCG@10": 0.4470078652456959,
    "Recall@20": 0.3847574675324676,
    "P@20": 0.3448333333333333,
    "NDCG@20": 0.4254197517481826,
    "encode_time": 24.945860862731934,
    "load_time": 0.4053213596343994,
    "dim": 512,
    "throughput": 12.026043184109447,
    "intra_sim_mean": 0.6615486741065979,
    "inter_sim_mean": 0.5327539491026025,
    "sim_gap": 0.12879472500399536
  },
  "jina-clip-v2": {
    "Recall@1": 0.036540837648190584,
    "P@1": 0.5333333333333333,
    "NDCG@1": 0.5333333333333333,
    "Recall@5": 0.13078344085108792,
    "P@5": 0.44866666666666666,
    "NDCG@5": 0.4751339593181254,
    "Recall@10": 0.22605207466825117,
    "P@10": 0.39466666666666667,
    "NDCG@10": 0.4391388215410524,
    "Recall@20": 0.3563790418187477,
    "P@20": 0.3221666666666667,
    "NDCG@20": 0.4078953292045582,
    "encode_time": 1578.9762709140778,
    "load_time": 2.1237361431121826,
    "dim": 1024,
    "throughput": 0.18999652213033474,
    "intra_sim_mean": 0.7785506759371076,
    "inter_sim_mean": 0.6866192011456741,
    "sim_gap": 0.09193147479143349
  }
}