{
  "baseline_image": {
    "Recall@1": 0.024217961123843477,
    "P@1": 0.37333333333333335,
    "NDCG@1": 0.37333333333333335,
    "Recall@5": 0.09078682200152789,
    "P@5": 0.3073333333333333,
    "NDCG@5": 0.3276372799926252,
    "Recall@10": 0.15212970460911637,
    "P@10": 0.269,
    "NDCG@10": 0.29894108329041347,
    "Recall@20": 0.25463827066180006,
    "P@20": 0.2251666666666667,
    "NDCG@20": 0.2837765137593162
  },
  "auto_short_text_only": {
    "Recall@1": 0.004595238095238095,
    "P@1": 0.07,
    "NDCG@1": 0.07,
    "Recall@5": 0.026643145743145743,
    "P@5": 0.07466666666666666,
    "NDCG@5": 0.0754378332093566,
    "Recall@10": 0.044791053391053395,
    "P@10": 0.07366666666666667,
    "NDCG@10": 0.07638154523927151,
    "Recall@20": 0.10245468975468974,
    "P@20": 0.07200000000000001,
    "NDCG@20": 0.08694140493742354
  },
  "auto_short_slerp_a0.7": {
    "Recall@1": 0.02032900928047987,
    "P@1": 0.31,
    "NDCG@1": 0.31,
    "Recall@5": 0.07485677927736752,
    "P@5": 0.24733333333333335,
    "NDCG@5": 0.26588132604647224,
    "Recall@10": 0.12894505984211865,
    "P@10": 0.20866666666666667,
    "NDCG@10": 0.23978341680318124,
    "Recall@20": 0.19428583312112727,
    "P@20": 0.16416666666666666,
    "NDCG@20": 0.21791828332091878
  },
  "auto_short_slerp_a0.8": {
    "Recall@1": 0.020106787058257646,
    "P@1": 0.30666666666666664,
    "NDCG@1": 0.30666666666666664,
    "Recall@5": 0.07261594516594518,
    "P@5": 0.23933333333333331,
    "NDCG@5": 0.2592595356719003,
    "Recall@10": 0.12251562685680331,
    "P@10": 0.20033333333333336,
    "NDCG@10": 0.23189664555106881,
    "Recall@20": 0.18393232464703055,
    "P@20": 0.1565,
    "NDCG@20": 0.20888527721290975
  },
  "auto_short_slerp_a0.9": {
    "Recall@1": 0.020106787058257646,
    "P@1": 0.30666666666666664,
    "NDCG@1": 0.30666666666666664,
    "Recall@5": 0.07231291486291487,
    "P@5": 0.23866666666666664,
    "NDCG@5": 0.2587230969313234,
    "Recall@10": 0.11959107178224825,
    "P@10": 0.19533333333333333,
    "NDCG@10": 0.22839292978639492,
    "Recall@20": 0.18099198214639392,
    "P@20": 0.15383333333333332,
    "NDCG@20": 0.20641094400581855
  },
  "auto_short_slerp_a0.95": {
    "Recall@1": 0.020207797159267748,
    "P@1": 0.31,
    "NDCG@1": 0.31,
    "Recall@5": 0.07159069264069264,
    "P@5": 0.23666666666666666,
    "NDCG@5": 0.2576018995750242,
    "Recall@10": 0.11911834450952097,
    "P@10": 0.19433333333333336,
    "NDCG@10": 0.22766450639034755,
    "Recall@20": 0.17789744008714597,
    "P@20": 0.15166666666666667,
    "NDCG@20": 0.20426816667638475
  },
  "auto_short_fuse_a0.7": {
    "Recall@1": 0.024769198285374758,
    "P@1": 0.37666666666666665,
    "NDCG@1": 0.37666666666666665,
    "Recall@5": 0.088243070763659,
    "P@5": 0.304,
    "NDCG@5": 0.3233158763256485,
    "Recall@10": 0.15883462142432728,
    "P@10": 0.27,
    "NDCG@10": 0.2995777548145917,
    "Recall@20": 0.2549882692470928,
    "P@20": 0.2236666666666667,
    "NDCG@20": 0.282127631538952
  },
  "auto_short_fuse_a0.8": {
    "Recall@1": 0.025805440256910846,
    "P@1": 0.4,
    "NDCG@1": 0.4,
    "Recall@5": 0.09088847862377274,
    "P@5": 0.3106666666666667,
    "NDCG@5": 0.331970544698651,
    "Recall@10": 0.15679441261353025,
    "P@10": 0.27066666666666667,
    "NDCG@10": 0.3027194765727683,
    "Recall@20": 0.25624764239028947,
    "P@20": 0.22400000000000006,
    "NDCG@20": 0.28519563249593405
  },
  "auto_short_fuse_a0.9": {
    "Recall@1": 0.02430045270633506,
    "P@1": 0.37666666666666665,
    "NDCG@1": 0.37666666666666665,
    "Recall@5": 0.09168483504512916,
    "P@5": 0.30933333333333335,
    "NDCG@5": 0.32957552132924844,
    "Recall@10": 0.15807870794782558,
    "P@10": 0.274,
    "NDCG@10": 0.3038042124329821,
    "Recall@20": 0.2571373956653368,
    "P@20": 0.22433333333333333,
    "NDCG@20": 0.2846737999503266
  },
  "auto_standard_text_only": {
    "Recall@1": 0.005183473389355742,
    "P@1": 0.08,
    "NDCG@1": 0.08,
    "Recall@5": 0.027181665393430095,
    "P@5": 0.07466666666666666,
    "NDCG@5": 0.07864996191814427,
    "Recall@10": 0.04661528732705203,
    "P@10": 0.07633333333333332,
    "NDCG@10": 0.08036825574276615,
    "Recall@20": 0.10151427722604192,
    "P@20": 0.0715,
    "NDCG@20": 0.08836545867543959
  },
  "auto_standard_slerp_a0.7": {
    "Recall@1": 0.02152358600005659,
    "P@1": 0.3333333333333333,
    "NDCG@1": 0.3333333333333333,
    "Recall@5": 0.08065816498316498,
    "P@5": 0.2673333333333333,
    "NDCG@5": 0.28752782925824777,
    "Recall@10": 0.14174069759216817,
    "P@10": 0.23366666666666666,
    "NDCG@10": 0.26417206983040536,
    "Recall@20": 0.21721110050080636,
    "P@20": 0.18766666666666665,
    "NDCG@20": 0.24267641993185077
  },
  "auto_standard_slerp_a0.8": {
    "Recall@1": 0.020406787058257648,
    "P@1": 0.31333333333333335,
    "NDCG@1": 0.31333333333333335,
    "Recall@5": 0.07561207028265853,
    "P@5": 0.25133333333333335,
    "NDCG@5": 0.26975982259868414,
    "Recall@10": 0.12667981354157823,
    "P@10": 0.20766666666666667,
    "NDCG@10": 0.2396317157393059,
    "Recall@20": 0.19569130591630593,
    "P@20": 0.16683333333333333,
    "NDCG@20": 0.2196985651630341
  },
  "auto_standard_slerp_a0.9": {
    "Recall@1": 0.020406787058257648,
    "P@1": 0.31333333333333335,
    "NDCG@1": 0.31333333333333335,
    "Recall@5": 0.07216669071669071,
    "P@5": 0.23800000000000002,
    "NDCG@5": 0.25937607311070593,
    "Recall@10": 0.11992731658319893,
    "P@10": 0.196,
    "NDCG@10": 0.22946896375130246,
    "Recall@20": 0.18160675805675805,
    "P@20": 0.15333333333333332,
    "NDCG@20": 0.2067581770898154
  },
  "auto_standard_slerp_a0.95": {
    "Recall@1": 0.02050779715926775,
    "P@1": 0.31666666666666665,
    "NDCG@1": 0.31666666666666665,
    "Recall@5": 0.07124791967291969,
    "P@5": 0.2353333333333333,
    "NDCG@5": 0.2578169133130544,
    "Recall@10": 0.11878344792462438,
    "P@10": 0.194,
    "NDCG@10": 0.2281201886044437,
    "Recall@20": 0.17795170896641485,
    "P@20": 0.15000000000000002,
    "NDCG@20": 0.2039164568657982
  },
  "auto_standard_fuse_a0.7": {
    "Recall@1": 0.02565763163851399,
    "P@1": 0.39666666666666667,
    "NDCG@1": 0.39666666666666667,
    "Recall@5": 0.09003057182468947,
    "P@5": 0.306,
    "NDCG@5": 0.3285614944525781,
    "Recall@10": 0.15931401338313103,
    "P@10": 0.272,
    "NDCG@10": 0.3037623812457443,
    "Recall@20": 0.2556299896726367,
    "P@20": 0.22316666666666662,
    "NDCG@20": 0.28441069793088514
  },
  "auto_standard_fuse_a0.8": {
    "Recall@1": 0.02482646280734516,
    "P@1": 0.39,
    "NDCG@1": 0.39,
    "Recall@5": 0.0912425911778853,
    "P@5": 0.30933333333333335,
    "NDCG@5": 0.3304857311789152,
    "Recall@10": 0.15565204991087342,
    "P@10": 0.2683333333333333,
    "NDCG@10": 0.3007286785503506,
    "Recall@20": 0.25541816625640157,
    "P@20": 0.2226666666666667,
    "NDCG@20": 0.28372488607034735
  },
  "auto_standard_fuse_a0.9": {
    "Recall@1": 0.02465230455818691,
    "P@1": 0.38333333333333336,
    "NDCG@1": 0.38333333333333336,
    "Recall@5": 0.09164951758481171,
    "P@5": 0.30933333333333335,
    "NDCG@5": 0.33001549688629966,
    "Recall@10": 0.15303648671589848,
    "P@10": 0.271,
    "NDCG@10": 0.3011456701980695,
    "Recall@20": 0.2561853620235973,
    "P@20": 0.2235,
    "NDCG@20": 0.2839961485842133
  },
  "auto_detailed_text_only": {
    "Recall@1": 0.014300778796367031,
    "P@1": 0.12333333333333334,
    "NDCG@1": 0.12333333333333334,
    "Recall@5": 0.0458319044789633,
    "P@5": 0.11933333333333332,
    "NDCG@5": 0.12512477925885315,
    "Recall@10": 0.08141935107376284,
    "P@10": 0.11,
    "NDCG@10": 0.12379891178199737,
    "Recall@20": 0.13411728560110914,
    "P@20": 0.0925,
    "NDCG@20": 0.12771713247005712
  },
  "auto_detailed_slerp_a0.7": {
    "Recall@1": 0.019197853889030357,
    "P@1": 0.22333333333333333,
    "NDCG@1": 0.22333333333333333,
    "Recall@5": 0.06462859052711993,