{
  "FashionSigLIP": {
    "Recall@1": 0.5714285714285714,
    "P@1": 0.5714285714285714,
    "NDCG@1": 0.5714285714285714,
    "Recall@5": 0.5142857142857142,
    "P@5": 0.5142857142857142,
    "NDCG@5": 0.5283361755506674,
    "Recall@10": 0.43061224489795913,
    "P@10": 0.43061224489795913,
    "NDCG@10": 0.46608495611887835,
    "Recall@20": 0.3673469387755102,
    "P@20": 0.3673469387755102,
    "NDCG@20": 0.41006993480247006,
    "total_time": 342.2561686038971,
    "query_count": 49,
    "gallery_size": 1319
  },
  "FashionCLIP": {
    "Recall@1": 0.4897959183673469,
    "P@1": 0.4897959183673469,
    "NDCG@1": 0.4897959183673469,
    "Recall@5": 0.43673469387755104,
    "P@5": 0.43673469387755104,
    "NDCG@5": 0.4463056852526741,
    "Recall@10": 0.35714285714285715,
    "P@10": 0.35714285714285715,
    "NDCG@10": 0.3874603184755536,
    "Recall@20": 0.31020408163265306,
    "P@20": 0.31020408163265306,
    "NDCG@20": 0.34361486373129435,
    "total_time": 90.16610193252563
  },
  "meta": {
    "query_count": 49,
    "gallery_size": 1319,
    "ground_truth_avg_size": 33.59183673469388
  }
}