{
  "FashionSigLIP": {
    "Recall@1": 0.5714285714285714,
    "P@1": 0.5714285714285714,
    "NDCG@1": 0.5714285714285714,
    "Recall@5": 0.5142857142857142,
    "P@5": 0.5142857142857142,
    "NDCG@5": 0.5283361755506674,
    "Recall@10": 0.43061224489795913,
    "P@10": 0.43061224489795913,
    "NDCG@10": 0.46608495611887835,
    "Recall@20": 0.3673469387755102,
    "P@20": 0.3673469387755102,
    "NDCG@20": 0.41006993480247006,
    "total_time": 342.15333008766174
  },
  "FashionCLIP": {
    "Recall@1": 0.4897959183673469,
    "P@1": 0.4897959183673469,
    "NDCG@1": 0.4897959183673469,
    "Recall@5": 0.43673469387755104,
    "P@5": 0.43673469387755104,
    "NDCG@5": 0.4463056852526741,
    "Recall@10": 0.35714285714285715,
    "P@10": 0.35714285714285715,
    "NDCG@10": 0.3874603184755536,
    "Recall@20": 0.31020408163265306,
    "P@20": 0.31020408163265306,
    "NDCG@20": 0.34361486373129435,
    "total_time": 130.9721076488495
  },
  "jina-clip-v2": {
    "Recall@1": 0.4489795918367347,
    "P@1": 0.4489795918367347,
    "NDCG@1": 0.4489795918367347,
    "Recall@5": 0.3714285714285715,
    "P@5": 0.3714285714285715,
    "NDCG@5": 0.3903059288699116,
    "Recall@10": 0.33877551020408164,
    "P@10": 0.33877551020408164,
    "NDCG@10": 0.36122608832318903,
    "Recall@20": 0.28877551020408165,
    "P@20": 0.28877551020408165,
    "NDCG@20": 0.31832238290374526,
    "total_time": 9927.707414150238
  },
  "section_analysis": {
    "\u6548\u679c\u76f8\u8fd1": {
      "FashionSigLIP": {
        "Recall@1": 0.5555555555555556,
        "P@1": 0.5555555555555556,
        "NDCG@1": 0.5555555555555556,
        "Recall@5": 0.5111111111111112,
        "P@5": 0.5111111111111112,
        "NDCG@5": 0.5405307993661358,
        "Recall@10": 0.39999999999999997,
        "P@10": 0.39999999999999997,
        "NDCG@10": 0.45180177906489216
      },
      "FashionCLIP": {
        "Recall@1": 0.4444444444444444,
        "P@1": 0.4444444444444444,
        "NDCG@1": 0.4444444444444444,
        "Recall@5": 0.4666666666666667,
        "P@5": 0.4666666666666667,
        "NDCG@5": 0.45806184411651163,
        "Recall@10": 0.34444444444444444,
        "P@10": 0.34444444444444444,
        "NDCG@10": 0.37775991768535894
      },
      "jina-clip-v2": {
        "Recall@1": 0.4444444444444444,
        "P@1": 0.4444444444444444,
        "NDCG@1": 0.4444444444444444,
        "Recall@5": 0.24444444444444446,
        "P@5": 0.24444444444444446,
        "NDCG@5": 0.28397375705540306,
        "Recall@10": 0.24444444444444446,
        "P@10": 0.24444444444444446,
        "NDCG@10": 0.27094753088179324
      }
    },
    "\u6548\u679c\u6b20\u7f3a": {
      "FashionSigLIP": {
        "Recall@1": 0.7692307692307693,
        "P@1": 0.7692307692307693,
        "NDCG@1": 0.7692307692307693,
        "Recall@5": 0.5076923076923077,
        "P@5": 0.5076923076923077,
        "NDCG@5": 0.5487696981458615,
        "Recall@10": 0.43076923076923074,
        "P@10": 0.43076923076923074,
        "NDCG@10": 0.4827336021125586
      },
      "FashionCLIP": {
        "Recall@1": 0.6923076923076923,
        "P@1": 0.6923076923076923,
        "NDCG@1": 0.6923076923076923,
        "Recall@5": 0.6,
        "P@5": 0.6,
        "NDCG@5": 0.6149206817712881,
        "Recall@10": 0.5230769230769231,
        "P@10": 0.5230769230769231,
        "NDCG@10": 0.55713116433873
      },
      "jina-clip-v2": {
        "Recall@1": 0.46153846153846156,
        "P@1": 0.46153846153846156,
        "NDCG@1": 0.46153846153846156,
        "Recall@5": 0.39999999999999997,
        "P@5": 0.39999999999999997,
        "NDCG@5": 0.4218329361857208,
        "Recall@10": 0.3461538461538461,
        "P@10": 0.3461538461538461,
        "NDCG@10": 0.37414744374250347
      }
    }
  },
  "fusion_results": {
    "SigLIP+FCLIP": {
      "alpha=0.3": {
        "alpha": 0.3,
        "Recall@5": 0.5224489795918368,
        "P@5": 0.5224489795918368,
        "NDCG@5": 0.5449230297471759,
        "Recall@10": 0.4346938775510205,
        "P@10": 0.4346938775510205,
        "NDCG@10": 0.47537910443377807
      },
      "alpha=0.4": {
        "alpha": 0.4,
        "Recall@5": 0.5387755102040817,
        "P@5": 0.5387755102040817,
        "NDCG@5": 0.5573230603037382,
        "Recall@10": 0.45102040816326533,
        "P@10": 0.45102040816326533,
        "NDCG@10": 0.49005221794684195
      },
      "alpha=0.5": {
        "alpha": 0.5,
        "Recall@5": 0.5428571428571429,
        "P@5": 0.5428571428571429,
        "NDCG@5": 0.5666190197007911,
        "Recall@10": 0.4653061224489796,
        "P@10": 0.4653061224489796,
        "NDCG@10": 0.5052752594749591
      },
      "alpha=0.6": {
        "alpha": 0.6,
        "Recall@5": 0.5510204081632653,
        "P@5": 0.5510204081632653,
        "NDCG@5": 0.5769480597909941,
        "Recall@10": 0.4673469387755102,
        "P@10": 0.4673469387755102,
        "NDCG@10": 0.5115171319549215
      },
      "alpha=0.7": {
        "alpha": 0.7,
        "Recall@5": 0.5428571428571429,
        "P@5": 0.5428571428571429,
        "NDCG@5": 0.5681319320836167,
        "Recall@10": 0.4653061224489797,
        "P@10": 0.4653061224489797,
        "NDCG@10": 0.5065668030720287
      },
      "alpha=0.8": {
        "alpha": 0.8,
        "Recall@5": 0.5428571428571429,
        "P@5": 0.5428571428571429,
        "NDCG@5": 0.5612922896942049,
        "Recall@10": 0.463265306122449,
        "P@10": 0.463265306122449,
        "NDCG@10": 0.4992530641067478
      },
      "alpha=0.9": {
        "alpha": 0.9,
        "Recall@5": 0.5183673469387755,
        "P@5": 0.5183673469387755,
        "NDCG@5": 0.5394694672535156,
        "Recall@10": 0.45714285714285713,
        "P@10": 0.45714285714285713,
        "NDCG@10": 0.48975785284164086
      }
    },
    "SigLIP+jina-v2": {
      "alpha=0.3": {
        "alpha": 0.3,
        "Recall@5": 0.4612244897959184,
        "P@5": 0.4612244897959184,
        "NDCG@5": 0.48870942717398214,
        "Recall@10": 0.4040816326530613,
        "P@10": 0.4040816326530613,
        "NDCG@10": 0.43965291048858435
      },
      "alpha=0.4": {
        "alpha": 0.4,
        "Recall@5": 0.4653061224489796,
        "P@5": 0.4653061224489796,
        "NDCG@5": 0.4952866419528073,
        "Recall@10": 0.4224489795918368,
        "P@10": 0.4224489795918368,
        "NDCG@10": 0.45569082214026624
      },
      "alpha=0.5": {
        "alpha": 0.5,
        "Recall@5": 0.47755102040816333,
        "P@5": 0.47755102040816333,
        "NDCG@5": 0.5037996230691404,
        "Recall@10": 0.43673469387755104,
        "P@10": 0.43673469387755104,
        "NDCG@10": 0.46583347595881364
      },
      "alpha=0.6": {
        "alpha": 0.6,
        "Recall@5": 0.5061224489795918,
        "P@5": 0.5061224489795918,
        "NDCG@5": 0.5264379366265601,
        "Recall@10": 0.44081632653061226,
        "P@10": 0.44081632653061226,
        "NDCG@10": 0.47452362124666125
      },
      "alpha=0.7": {
        "alpha": 0.7,
        "Recall@5": 0.5183673469387755,
        "P@5": 0.5183673469387755,
        "NDCG@5": 0.5343192368482299,
        "Recall@10": 0.44081632653061226,
        "P@10": 0.44081632653061226,
        "NDCG@10": 0.47464566007555953
      },
      "alpha=0.8": {
        "alpha": 0.8,
        "Recall@5": 0.5102040816326532,
        "P@5": 0.5102040816326532,
        "NDCG@5": 0.5280253520172559,
        "Recall@10": 0.44693877551020406,
        "P@10": 0.44693877551020406,
        "NDCG@10": 0.4781209693932724
      },
      "alpha=0.9": {
        "alpha": 0.9,
        "Recall@5": 0.5142857142857142,
        "P@5": 0.5142857142857142,
        "NDCG@5": 0.5316415822051209,
        "Recall@10": 0.44285714285714284,
        "P@10": 0.44285714285714284,
        "NDCG@10": 0.47619256331906057
      }
    },
    "FCLIP+jina-v2": {
      "alpha=0.3": {
        "alpha": 0.3,
        "Recall@5": 0.4612244897959184,
        "P@5": 0.4612244897959184,
        "NDCG@5": 0.4758009809750523,